country,2002,2003,2004,2005
Albania,0.405,,,0.405
Algeria,0.299,,,0.299
Andorra,0.365,,,0.365
Argentina,0.346,,,0.346
Armenia,0.551,,,0.551
Australia,0.277,,,0.277
Austria,0.464,,,0.464
Bahrain,0.261,,,0.261
Bangladesh,0.47,,,0.47
Barbados,0.184,,,0.184
Belarus,0.637,,,0.637
Belgium,0.301,,,0.301
Bolivia,0.341,,,0.341
Bosnia and Herzegovina,0.493,,,0.493
Bulgaria,0.475,,,0.475
Burkina Faso,0.22,,,0.22
Cambodia,0.405,,,0.405
Cameroon,0.126,,,0.126
Canada,0.243,,,0.243
Chad,0.16,,,0.16
Chile,0.421,,,0.421
China,0.595,,,0.595
Comoros,0.277,,,0.277
"Congo, Dem. Rep.",0.135,,,0.135
"Congo, Rep.",0.121,,,0.121
Costa Rica,0.261,,,0.261
Cote d'Ivoire,0.154,,,0.154
Croatia,0.389,,,0.389
Cuba,0.434,,,0.434
Czech Republic,0.366,,,0.366
Denmark,0.361,,,0.361
Dominican Republic,0.175,,,0.175
Ecuador,0.239,,,0.239
Egypt,0.287,,,0.287
Eritrea,0.169,,,0.169
Estonia,0.499,,,0.499
Eswatini,0.146,,,0.146
Ethiopia,0.076,,,0.076
Fiji,0.236,,,0.236
Finland,0.318,,,0.318
France,0.366,,,0.366
Gambia,0.293,,,0.293
Georgia,0.571,,,0.571
Germany,0.374,,,0.374
Ghana,0.102,,,0.102
Greece,0.636,,,0.636
Guatemala,0.245,,,0.245
Hungary,0.457,,,0.457
Iceland,0.261,,,0.261
India,0.331,,,0.331
Indonesia,0.659,,,0.659
Iran,0.296,,,0.296
Iraq,0.258,,,0.258
Ireland,0.265,,,0.265
Israel,0.311,,,0.311
Italy,0.328,,,0.328
Jamaica,0.208,,,0.208
Japan,0.443,,,0.443
Jordan,0.627,,,0.627
Kazakhstan,0.432,,,0.432
Kenya,0.271,,,0.271
Kyrgyz Republic,0.469,,,0.469
Lao,0.65,,,0.65
Latvia,0.544,,,0.544
Lebanon,0.291,,,0.291
Lithuania,0.451,,,0.451
Luxembourg,0.391,,,0.391
Malawi,0.237,,,0.237
Malaysia,0.544,,,0.544
Maldives,0.445,,,0.445
Mali,0.195,,,0.195
Malta,0.328,,,0.328
Mauritania,0.223,,,0.223
Mauritius,0.357,,,0.357
Mexico,0.369,,,0.369
Moldova,0.458,,,0.458
Mongolia,0.458,,,0.458
Morocco,0.295,,,0.295
Mozambique,0.22,,,0.22
Myanmar,0.465,,,0.465
Namibia,0.386,,,0.386
Nauru,0.461,,,0.461
Nepal,0.348,,,0.348
Netherlands,0.383,,,0.383
New Zealand,0.297,,,0.297
Nigeria,0.13,,,0.13
North Korea,0.586,,,0.586
Norway,0.336,,,0.336
Oman,0.247,,,0.247
Pakistan,0.354,,,0.354
Palau,0.381,,,0.381
Paraguay,0.33,,,0.33
Philippines,0.42,,,0.42
Poland,0.439,,,0.439
Portugal,0.406,,,0.406
Romania,0.406,,,0.406
Russia,0.701,,,0.701
Samoa,0.583,,,0.583
Sao Tome and Principe,0.232,,,0.232
Saudi Arabia,0.256,,,0.256
Senegal,0.198,,,0.198
Serbia,0.423,,,0.423
Seychelles,0.352,,,0.352
Slovak Republic,0.416,,,0.416
Slovenia,0.318,,,0.318
South Africa,0.275,,,0.275
South Korea,0.533,,,0.533
Spain,0.364,,,0.364
Sri Lanka,0.302,,,0.302
St. Lucia,0.289,,,0.289
Sweden,0.196,,,0.196
Switzerland,0.307,,,0.307
Syria,0.44,,,0.44
Tanzania,0.248,,,0.248
Thailand,0.398,,,0.398
Tonga,0.618,,,0.618
Trinidad and Tobago,0.364,,,0.364
Tunisia,0.51,,,0.51
Turkey,0.516,,,0.516
Uganda,0.209,,,0.209
United Arab Emirates,0.261,,,0.261
United Kingdom,0.367,,,0.367
United States,0.263,,,0.263
Uruguay,0.371,,,0.371
Uzbekistan,0.242,,,0.242
Vanuatu,0.491,,,0.491
Venezuela,0.325,,,0.325
Vietnam,0.457,,,0.457
Zambia,0.217,,,0.217
Zimbabwe,0.255,,,0.255
